Layer,0,1,2,3,4,5,6,7,8,9,10,11,12,13,14,15,16,17,18,19,20,21,22,23
0,0.0,11.622825478317372,12.185113146922323,12.39055829822059,12.503855635190048,11.24795584117284,53.430959652286965,53.49640700565902,53.51310906280206,53.54062649653517,53.59769820023834,53.55975485090991,53.55302657648323,54.800009056689404,54.869821059140655,55.324635399444894,55.91035787618273,53.24415267169763,53.44498920122459,54.203028023608844,54.89728477411587,50.88414886379271,59.54933368462193,195.59635422529772
1,0.9428833910289596,0.0,0.052995076215105144,0.07744080201125628,0.09212121117016739,0.0885864674887729,4.4558488555540565,4.462345682902794,4.460368671830322,4.458969802129521,4.462037365048178,4.4542048568169,4.441574356247361,4.531565401765883,4.529457655207355,4.5425152250313445,4.56202422793808,4.3196740469696735,4.318154610098398,4.356507317549493,4.389042659025216,3.967332106886787,4.653957058578665,16.07078600109369
2,0.9453691798651093,0.050682861368471714,0.0,0.031039264566826805,0.04750284185518027,0.0998163319048208,4.273797230113309,4.28002309916128,4.277910415828757,4.2763440502476815,4.279123915017288,4.271353213573613,4.25860765169018,4.343800921138025,4.341156507050596,4.352142599303493,4.368969047124317,4.135224236057189,4.132240153335992,4.167215950640239,4.196729265048889,3.7874698911826163,4.442817800975659,15.379249666072711
3,0.9461892555081901,0.0728971769264139,0.030551088335756448,0.0,0.028110831772062844,0.10433973563518832,4.211316863733019,4.217440028323542,4.215191700190901,4.213512205570912,4.216124600825533,4.208314420979638,4.19541037804959,4.27877286095938,4.275690767840346,4.285599204958271,4.300982322788413,4.0693026547016515,4.065170065558349,4.098374696318243,4.126185322272762,3.719164433146224,4.363250790835388,15.140082344473
4,0.9466789763355281,0.08597499356126108,0.04635605828723888,0.02787053728841558,0.0,0.10505764730607556,4.176601233451187,4.182652059986844,4.180312800212627,4.17857750463975,4.181109273766584,4.173281463893312,4.160286743666817,4.242670578838955,4.239351487130913,4.248682767934121,4.263339237026595,4.032877411177203,4.028166015911861,4.0603967587036225,4.087333494298446,3.681684429394439,4.319817007275222,15.012502938839834
5,0.941303844224643,0.09138551100459148,0.10766783056475938,0.11434543342049694,0.11612483738807003,0.0,4.573578511078307,4.580145376057108,4.577790835216685,4.576170941088764,4.579006505069855,4.570821619106204,4.557608467882386,4.64990122402634,4.64679817521469,4.659463619404507,4.678411585454925,4.425496810960765,4.421909741979533,4.460149208519616,4.492674839435495,4.055120980761593,4.7663785049903895,16.565128761505918
6,1.000591181316264,1.0286032175396729,1.0315867048690286,1.032748277277232,1.033065664195351,1.0234428717573856,0.0,0.013060552106664158,0.020487796856077965,0.027614173467188106,0.04005493796867174,0.04750287605592745,0.06354661815129092,0.08669806465046384,0.11560081821188067,0.15932656674021786,0.2153099912784454,0.2942443315855703,0.36216198837329916,0.43588495033437424,0.5160642546600562,0.7525930410447439,0.9701755218186049,3.7170823406141404
7,1.00060419750977,1.0288561257750946,1.031839016166932,1.0329980103789687,1.0333100730453653,1.0236717994763889,0.01304474355445158,0.0,0.015796662725136763,0.024030696160457023,0.03695568320710263,0.04482867177590773,0.061517959217660775,0.08480934599450092,0.11388477703303727,0.15782155934864459,0.21407547059702198,0.29331650856913105,0.3614386080468839,0.4353649726433049,0.5156848121741797,0.7526568866212527,0.9702372429624015,3.7126364195323562
8,1.0005630544636743,1.0280370499167855,1.0309654019658059,1.0320826386647806,1.032367388383833,1.0227841625363352,0.020455770456374422,0.01579108307726732,0.0,0.016808812743963942,0.030375448195558714,0.038520008416932365,0.054616918091155944,0.07788369877996072,0.10752694910611962,0.1511752538231852,0.20727915114331474,0.2866042122807372,0.3548430553550257,0.42880830149116034,0.5093559784857841,0.7469405308166822,0.9649795510652868,3.712083047065304
9,1.000505095689431,1.0271269355991044,1.029998569514236,1.0310814552352618,1.0313487259868013,1.0218375679559628,0.027555240660186078,0.024008470997459994,0.01679920061330868,0.0,0.024701050971629546,0.03205670855790043,0.04772786922785007,0.07113172118861898,0.10118185745839953,0.14476386691523135,0.20088770278048068,0.28046491307438975,0.34901258304913757,0.42322771048839475,0.5039515081237671,0.742196823351637,0.9606243678773331,3.7102316596658227
10,1.0004831549415572,1.0267165809584011,1.0295480762778275,1.0305995357910147,1.0308521434448623,1.0213595940338682,0.03992601898439136,0.03688138073441157,0.030325087164853066,0.024674207780326755,0.0,0.0215147189077088,0.038502836926000227,0.06262451768972907,0.0924509021532454,0.13712928280601333,0.19400355555501975,0.27386703628284936,0.3426633060776811,0.4170233994147057,0.49802973549475504,0.7373374250653736,0.9561465425005778,3.7058777864473886
11,1.0004143977070785,1.025569911826026,1.0283358243517555,1.0293484063731764,1.0295803553845242,1.0201860859634948,0.04738027325396114,0.044767157348495415,0.0384807428589273,0.03204235483780504,0.021528480959265225,0.0,0.027960738929235927,0.05388147208905666,0.08414831483507423,0.12871839600370896,0.18571176530433414,0.26585654530011077,0.33500473471247233,0.4096532679928854,0.49091740682604945,0.7310378965559555,0.9505406778070887,3.7085165170880816
12,1.0002552691373725,1.0226275666220253,1.0252330177431082,1.026157772706016,1.0263401317090994,1.0172029506651044,0.06338048733444275,0.061431488908491996,0.054559419267737684,0.04770490303973432,0.0385261770027739,0.027959803781601518,0.0,0.039648006780109955,0.0697810186921496,0.11300429350270814,0.16964108261176636,0.2501856616938999,0.319937395085348,0.3947293565717615,0.4764470930942379,0.7175863560860031,0.9380174206572454,3.7098801204043905
13,1.000113969253935,1.019461540494734,1.021802363202527,1.0225886286548445,1.0227026796286012,1.014042975463614,0.08449180139982465,0.0827513087862556,0.07602057545579513,0.06946984413674556,0.06122793540400797,0.052646191942249614,0.038740337018163803,0.0,0.04647064012480069,0.08780138847885686,0.14338904469829322,0.23000262006293118,0.2988695554995366,0.37247544778302455,0.4535422835309746,0.6961847089684261,0.9108302755467631,3.6296745273643913
14,1.0000498509966813,1.0176256392298333,1.0198156572773236,1.0204864839067278,1.0205369876386179,1.0120120556026269,0.11250849547591867,0.11097268025270707,0.10481444773659437,0.09868585250741077,0.09026837348418122,0.0821092671474836,0.06809239082399816,0.04640853908677457,0.0,0.05709451479580118,0.11480386561355956,0.2013799186022794,0.2707598894244877,0.34492588433826077,0.42631942018519475,0.6725986658385645,0.8889648121789027,3.621936079658054
15,0.999756344998781,1.0118723558325957,1.0136939437608605,1.014144931979178,1.0140774657596128,1.006132792589932,0.15374468460510637,0.1524769627905217,0.14610734069370634,0.13999093938081722,0.1327523357925768,0.1245302543094133,0.10933110195725972,0.08693769656228142,0.056608531587632266,0.0,0.07083507627658231,0.15994600517937288,0.2285412322907313,0.3020132599370566,0.38359650281484947,0.6334916632165543,0.8495182960279631,3.593472182080648
16,0.9994489638374331,1.0052629312831265,1.0066429223173572,1.0068131305475576,1.0066058718187285,0.9993337311851112,0.20552697812020995,0.20459619437334695,0.19817081367760775,0.19217011331928008,0.1857866044883516,0.17773232222709898,0.16235757563922826,0.1404479673330781,0.1125995762135545,0.07007145044472853,0.0,0.11301454379876073,0.17876833579188095,0.2510355534291551,0.33271641851737355,0.5861669362507632,0.8017058113418889,3.555339921045467
17,0.9990359882647184,0.9991114158606502,1.0000838270834824,0.9998666157660215,0.9994600795028699,0.9922360812978361,0.29481774617494444,0.2942442696591039,0.2876123318848327,0.2816124782044215,0.2752867655502712,0.2670639186660362,0.25133027232252536,0.23646841107720698,0.207318123104863,0.16607604814804375,0.11862471973725186,0.0,0.09025164888473758,0.17219049213775342,0.2583389281009774,0.5189999426199219,0.7588321892894223,3.718789795219549
18,0.998924086361428,0.994895371792555,0.995495202628365,0.9949862375043265,0.9944296641022051,0.9875955752699936,0.36146367592176987,0.3611788629541179,0.354713340844147,0.3490846241668229,0.34310689864951105,0.33522398439051937,0.3201574913563425,0.30608236331841265,0.27766536701315386,0.2363820243807961,0.18691654234973887,0.08990242854733194,0.0,0.0988115145577243,0.1857561010302302,0.45149950596008304,0.6938622888987543,3.6982819937067144
19,0.9988257289132482,0.9895969564923772,0.9897837179740384,0.9889872594469009,0.988270570510208,0.9821081840417715,0.42891807686881195,0.4289255836244794,0.4226151655841167,0.4173538372712393,0.411683019561292,0.40414875287166857,0.3894383989771271,0.37609274851538727,0.3487416780113746,0.3079757876541146,0.25878139864982025,0.16910876826642526,0.09742002500281396,0.0,0.10591254761405078,0.3759233103160356,0.6152722964121429,3.643365422022785
20,0.9987473375314223,0.9843018534323832,0.9841104642671152,0.9830290747622523,0.9821686379405264,0.9766827729263631,0.5013544244629374,0.5015929279397405,0.49561209796731504,0.4906340250575966,0.4853962329784997,0.47815846484345176,0.46407975568304427,0.452119968908747,0.4255511621018541,0.38619246891768794,0.338618477256593,0.25048712614136853,0.18080996627336887,0.10456492070930853,0.0,0.29929688099360957,0.5334246924649081,3.58904951002005
21,0.9977223209853904,0.9589135640395335,0.9572039662238415,0.9549605195651532,0.9534873881721891,0.9501119045966768,0.7879953879210978,0.7890172669461164,0.783301432877212,0.7787721441321525,0.7745149585461341,0.7674069218302773,0.7533113637654552,0.7479676088227365,0.7235941877896529,0.687373000223459,0.6429543538902988,0.5423570260158554,0.4736515488968355,0.40000024576139137,0.3225704611056131,0.0,0.3478467379754379,3.8367096653143635
22,0.9984817635035568,0.9619208397151386,0.9601738206813349,0.9580457976253793,0.9566868382437674,0.9549827534693552,0.8686600472676387,0.8697680814234716,0.8653604893854915,0.8619478162430246,0.8588633049573048,0.853282001356206,0.8420682783661666,0.8368195651555634,0.8178237074112498,0.7882434288285363,0.751986272431302,0.6781093973803075,0.6224593914591768,0.559840637325547,0.4916223025066195,0.2974568619471425,0.0,3.221245793017206
23,1.0007780216695723,1.0136029192426486,1.0142389327226125,1.0144207032129968,1.014545029097801,1.0127811040719088,1.0155831548168257,1.01559772210915,1.0158051456929353,1.0158794480456075,1.0157912197279462,1.015864697516902,1.0162722152292152,1.0175970142669963,1.0167862848973335,1.0174561054896722,1.0176297219610828,1.014073470270176,1.0123985981256616,1.0116110481582503,1.0093729989953928,1.0011721631260408,0.9829640555209517,0.0
